{
  "q_table": {
    "chaser_target_right_close": {
      "up": 0.2,
      "down": 0.1,
      "left": -0.5,
      "right": 21.15563591,
      "jump": 0.1
    },
    "chaser_target_left_close": {
      "up": 0.2,
      "down": -0.1,
      "left": 11.267309000000001,
      "right": -0.5,
      "jump": 0.1
    },
    "runner_target_right_far": {
      "up": -0.2,
      "down": 0,
      "left": -0.1,
      "right": 0.8,
      "jump": 0.3
    },
    "chaser_target_right_far": {
      "up": 8.314067928941652,
      "down": 9.754464835076782,
      "left": 8.245190917317036,
      "right": 9.973432190132765,
      "jump": 8.282764852917245
    },
    "chaser_target_down_far": {
      "up": 3.466438763300344,
      "down": 9.121549908098519,
      "left": 6.217031814588311,
      "right": 3.5073298952512917,
      "jump": 3.4766046908715715
    },
    "chaser_target_down_medium": {
      "up": 2.1840916324925965,
      "down": 7.09542946394522,
      "left": 2.3829714110641187,
      "right": 2.2237127131720396,
      "jump": 1.0042218487876817
    },
    "chaser_target_right_medium": {
      "up": 2.778489592345312,
      "down": 2.7103568154141886,
      "left": 2.2503264095284212,
      "right": 5.709525597497735,
      "jump": 2.353215979075498
    },
    "chaser_target_left_medium": {
      "up": 0.5044969891941748,
      "down": 1.3748554345338588,
      "left": 1.6737195309389326,
      "right": 0.16524801646860132,
      "jump": 1.2666868087987533
    },
    "chaser_target_down_close": {
      "up": -0.086,
      "down": 0.29701,
      "left": 0,
      "right": 0,
      "jump": 0
    }
  },
  "episodes": 0,
  "epsilon": 0.3,
  "learning_rate": 0.1,
  "discount_factor": 0.9
}