{
  "q_table": {
    "chaser_target_right_close": {
      "up": 0.2,
      "down": 0.1,
      "left": -0.5,
      "right": 11.1791,
      "jump": 0.1
    },
    "chaser_target_left_close": {
      "up": 0.2,
      "down": -0.1,
      "left": 11.267309000000001,
      "right": -0.5,
      "jump": 0.1
    },
    "runner_target_right_far": {
      "up": -0.2,
      "down": 0,
      "left": -0.1,
      "right": 0.8,
      "jump": 0.3
    },
    "chaser_target_right_far": {
      "up": 7.594010791445836,
      "down": 9.11726699995151,
      "left": 7.2464746350828735,
      "right": 9.822456827640291,
      "jump": 7.219192489517529
    },
    "chaser_target_down_far": {
      "up": 2.1877266620849842,
      "down": 7.6478337075958995,
      "left": 3.4202391609918297,
      "right": 1.527403513630451,
      "jump": 2.2278678177270765
    },
    "chaser_target_down_medium": {
      "up": 1.5818577046758158,
      "down": 5.434396729127563,
      "left": 1.390593150934715,
      "right": 1.7331046513696948,
      "jump": 1.0042218487876817
    },
    "chaser_target_right_medium": {
      "up": 1.8403763878847332,
      "down": 1.8212526658178982,
      "left": 1.380557498876055,
      "right": 3.9617832446236916,
      "jump": 1.6604926668486493
    },
    "chaser_target_left_medium": {
      "up": 0.5044969891941748,
      "down": 1.3748554345338588,
      "left": 1.6737195309389326,
      "right": 0.16524801646860132,
      "jump": 1.2666868087987533
    },
    "chaser_target_down_close": {
      "up": -0.05,
      "down": 0.1,
      "left": 0,
      "right": 0,
      "jump": 0
    }
  },
  "episodes": 0,
  "epsilon": 0.3,
  "learning_rate": 0.1,
  "discount_factor": 0.9
}