{
  "q_table": {
    "chaser_target_right_close": {
      "up": 0.2,
      "down": -0.1,
      "left": -0.5,
      "right": 1,
      "jump": 0.1
    },
    "chaser_target_left_close": {
      "up": 0.2,
      "down": -0.1,
      "left": 11.267309000000001,
      "right": -0.5,
      "jump": 0.1
    },
    "runner_target_right_far": {
      "up": -0.2,
      "down": 0,
      "left": -0.1,
      "right": 0.8,
      "jump": 0.3
    },
    "chaser_target_right_far": {
      "up": 5.915854702088843,
      "down": 7.3172883325946785,
      "left": 5.304897124582588,
      "right": 8.958858575224383,
      "jump": 5.6719675487536465
    },
    "chaser_target_down_far": {
      "up": 1.3510360214338673,
      "down": 6.265357195457308,
      "left": 2.011044339205524,
      "right": 0.876492398343798,
      "jump": 1.358228746796258
    },
    "chaser_target_down_medium": {
      "up": 0.8222507709922567,
      "down": 3.702445370686778,
      "left": 1.061831104157,
      "right": 0.8971170652691791,
      "jump": 0.5102787223200183
    },
    "chaser_target_right_medium": {
      "up": 1.7519595365161535,
      "down": 1.3018272681636454,
      "left": 1.0051723923732911,
      "right": 1.8369423990992728,
      "jump": 1.6846874636921514
    },
    "chaser_target_left_medium": {
      "up": 0.5044969891941748,
      "down": 1.3748554345338588,
      "left": 1.6737195309389326,
      "right": 0.16524801646860132,
      "jump": 1.2666868087987533
    }
  },
  "episodes": 0,
  "epsilon": 0.3,
  "learning_rate": 0.1,
  "discount_factor": 0.9
}